name,nugget,sill,range
linear,14.593010173553749,171.27273206056609,94000.0
