"","model","psill","range","kappa","ang1","ang2","ang3","anis1","anis2"
"1","Nug",0.0506597095446436,0,0,0,0,0,1,1
"2","Sph",0.590605107555405,897.001083383488,0.5,0,0,0,1,1
